<?xml version="1.0" encoding="UTF-8"?>
<!DOCTYPE mapper PUBLIC "-//mybatis.org//DTD Mapper 3.0//EN" "http://mybatis.org/dtd/mybatis-3-mapper.dtd">
<mapper namespace="com.book.manager.dao.HotSearchMapper">
    <insert id="insert" parameterType="integer">
        INSERT INTO `book_manager`.`hotsearch` (`book_id`, `hotscore`)
        VALUES (#{id}, 0)
    </insert>

    <update id="updateHotScore" parameterType="java.util.List">
        UPDATE hotsearch
        SET hotscore=hotscore+1
        WHERE book_id IN
        <foreach collection="list" item="item" open="(" close=")" separator=",">
            #{item}
        </foreach>
    </update>

    <update id="update" parameterType="java.util.List">
        update hotsearch
        <trim prefix="set hotscore = case" suffix="end">
            <foreach collection="list" item="i">
                when book_id = #{i.book_id} then #{i.hotscore}
            </foreach>
        </trim>
        where book_id in
        <foreach item="item" collection="list" open="(" close=")" separator=",">
            #{item.book_id}
        </foreach>
    </update>

    <select id="selectFive" resultType="java.lang.Integer">
        select book_id from hotsearch
        order by hotscore desc
    </select>
</mapper>