<?xml version="1.0" encoding="UTF-8"?>
<!DOCTYPE mapper PUBLIC "-//mybatis.org//DTD Mapper 3.0//EN" "http://mybatis.org/dtd/mybatis-3-mapper.dtd">
<mapper namespace="com.book.manager.dao.UserBookRelationMapper">
    <resultMap id="BaseResultMap" type="com.book.manager.entity.UserBookRelation">
        <id column="id" property="id" jdbcType="INTEGER" />
        <id column="user_id" property="userId" jdbcType="INTEGER" />
        <id column="book_id" property="bookId" jdbcType="INTEGER" />
        <id column="score" property="score" jdbcType="INTEGER" />
    </resultMap>
    <update id="batchInsert" parameterType="java.util.List">
        INSERT INTO userbookrelation (user_id,book_id,score)
        values 
        <foreach collection="userBookRelations" item="item" separator=",">
            (#{item.userId},#{item.bookId},#{item.score})
        </foreach>
    </update>
    <update id="updateRecommendScore">
        update userbookrelation set score = score + #{score}
        where user_id = #{userId} and book_id in
        <foreach collection="bookIds" separator="," item="bookId" open="(" close=")">
            #{bookId}
        </foreach>
    </update>
    <delete id="deleteByUserId" parameterType="integer">
        delete from userbookrelation where user_id = #{userId}
    </delete>

    <select id="selectAll" resultMap="BaseResultMap">
        select * from userbookrelation
    </select>
    <select id="selectScoreGroupByBookId" resultType="com.book.manager.entity.HotSearch">
        SELECT SUM(score) hotscore,book_id from userbookrelation GROUP BY book_id;
    </select>
</mapper>