<?xml version="1.0" encoding="UTF-8"?>
<!DOCTYPE mapper PUBLIC "-//mybatis.org//DTD Mapper 3.0//EN" "http://mybatis.org/dtd/mybatis-3-mapper.dtd">
<mapper namespace="com.book.manager.dao.UsersMapper">
    <resultMap id="BaseResultMap" type="com.book.manager.entity.Users" >
        <id column="id" property="id" jdbcType="INTEGER" />
        <result column="avatar" property="avatar" jdbcType="VARCHAR" />
        <result column="nickname" property="nickname" jdbcType="VARCHAR" />
        <result column="username" property="username" jdbcType="VARCHAR" />
        <result column="password" property="password" jdbcType="VARCHAR" />
        <result column="birthday" property="birthday" jdbcType="TIMESTAMP" />
        <result column="is_admin" property="isAdmin" jdbcType="INTEGER" />
        <result column="tel" property="tel" jdbcType="VARCHAR" />
        <result column="email" property="email" jdbcType="VARCHAR" />
        <result column="address" property="address" jdbcType="VARCHAR" />
        <result column="size" property="size" jdbcType="INTEGER" />
        <result column="identity" property="identity" jdbcType="INTEGER" />
    </resultMap>
    <insert id="addBatchUser" parameterType="java.util.List">
        INSERT INTO book_manager.users
            (`address`, `identity`, `is_admin`, `nickname`, `password`, `size`, `tel`, `username`)
        VALUES
        <foreach collection="list" item="user" separator=",">
            (#{user.address}, #{user.identity},#{user.isAdmin}, #{user.nickname}, #{user.password}, #{user.size}, #{user.tel}, #{user.username})
        </foreach>
    </insert>

    <!-- 模糊查询 -->
    <select id="findListByLike" resultMap="BaseResultMap" >
        select * from users
        <where>
            <if test="_parameter != null and _parameter != ''">
               and `username` like CONCAT('%',#{_parameter},'%') or `nickname` like CONCAT('%',#{_parameter},'%')
            </if>
        </where>
    </select>
    <select id="selectAllUserId" resultType="java.lang.Integer">
        select id from users
    </select>

    <update id="updateUsers" parameterType="map">
        update users
        <set>
            <if test="avatar != null and avatar != ''">
                avatar = #{avatar},
            </if>
            <if test="nickname != null and nickname != ''">
                nickname = #{nickname},
            </if>
            <if test="username != null and username != ''">
                username = #{username},
            </if>
            <if test="password != null and password != ''">
                password = #{password},
            </if>
            <if test="birthday != null">
                birthday = #{birthday},
            </if>
            <if test="isAdmin != null">
                is_admin = #{isAdmin},
            </if>
            <if test="tel != null and tel != ''">
                tel = #{tel},
            </if>
            <if test="address != null and address != ''">
                address = #{address},
            </if>
            <if test="size != null">
                `size` = #{size},
            </if>
            <if test="identity != null">
                `identity` = #{identity},
            </if>
        </set>
        where id = #{id}
    </update>
</mapper>